{"acc": 0.7928139106956742, "loss": 0.1378347400742816, "_timestamp": 1674209483.0757735, "_runtime": 1.157482385635376, "_step": 7, "_wandb": {"runtime": 0}}